0,1
0,{'prediction': 0}
1,{'prediction': 0}
2,{'prediction': 0}
3,{'prediction': 0}
4,{'prediction': 0}
5,{'prediction': 0}
6,{'prediction': 0}
7,{'prediction': 0}
8,{'prediction': 0}
9,{'prediction': 0}
10,{'prediction': 0}
11,{'prediction': 0}
12,{'prediction': 0}
13,{'prediction': 0}
14,{'prediction': 0}
15,{'prediction': 0}
16,{'prediction': 0}
17,{'prediction': 0}
18,{'prediction': 0}
19,{'prediction': 0}
20,{'prediction': 0}
21,{'prediction': 0}
22,{'prediction': 0}
23,{'prediction': 0}
24,{'prediction': 0}
25,{'prediction': 0}
26,{'prediction': 0}
27,{'prediction': 0}
28,{'prediction': 0}
29,{'prediction': 0}
30,{'prediction': 0}
31,{'prediction': 0}
32,{'prediction': 0}
33,{'prediction': 0}
34,{'prediction': 0}
35,{'prediction': 0}
36,{'prediction': 0}
37,{'prediction': 0}
38,{'prediction': 0}
39,{'prediction': 0}
40,{'prediction': 0}
41,{'prediction': 0}
42,{'prediction': 0}
43,{'prediction': 0}
44,{'prediction': 0}
45,{'prediction': 0}
46,{'prediction': 0}
47,{'prediction': 0}
48,{'prediction': 0}
49,{'prediction': 0}
50,{'prediction': 0}
51,{'prediction': 0}
52,{'prediction': 0}
53,{'prediction': 0}
54,{'prediction': 0}
55,{'prediction': 0}
56,{'prediction': 0}
57,{'prediction': 0}
58,{'prediction': 0}
59,{'prediction': 0}
60,{'prediction': 0}
61,{'prediction': 0}
62,{'prediction': 0}
63,{'prediction': 0}
64,{'prediction': 0}
65,{'prediction': 0}
66,{'prediction': 0}
67,{'prediction': 0}
68,{'prediction': 0}
69,{'prediction': 0}
70,{'prediction': 0}
71,{'prediction': 0}
72,{'prediction': 0}
73,{'prediction': 0}
74,{'prediction': 0}
75,{'prediction': 0}
76,{'prediction': 1}
77,{'prediction': 0}
78,{'prediction': 0}
79,{'prediction': 0}
80,{'prediction': 0}
81,{'prediction': 0}
82,{'prediction': 0}
83,{'prediction': 0}
84,{'prediction': 0}
85,{'prediction': 0}
86,{'prediction': 0}
87,{'prediction': 0}
88,{'prediction': 0}
89,{'prediction': 0}
90,{'prediction': 0}
91,{'prediction': 0}
92,{'prediction': 0}
93,{'prediction': 0}
94,{'prediction': 0}
95,{'prediction': 0}
96,{'prediction': 1}
97,{'prediction': 0}
98,{'prediction': 0}
99,{'prediction': 0}
100,{'prediction': 0}
101,{'prediction': 0}
102,{'prediction': 0}
103,{'prediction': 0}
104,{'prediction': 0}
105,{'prediction': 0}
106,{'prediction': 0}
107,{'prediction': 0}
108,{'prediction': 0}
109,{'prediction': 0}
110,{'prediction': 0}
111,{'prediction': 1}
112,{'prediction': 1}
113,{'prediction': 0}
114,{'prediction': 0}
115,{'prediction': 0}
116,{'prediction': 0}
117,{'prediction': 0}
118,{'prediction': 0}
119,{'prediction': 0}
120,{'prediction': 0}
121,{'prediction': 0}
122,{'prediction': 0}
123,{'prediction': 0}
124,{'prediction': 0}
125,{'prediction': 0}
126,{'prediction': 0}
127,{'prediction': 0}
128,{'prediction': 0}
129,{'prediction': 0}
130,{'prediction': 0}
131,{'prediction': 0}
132,{'prediction': 0}
133,{'prediction': 0}
134,{'prediction': 0}
135,{'prediction': 0}
136,{'prediction': 0}
137,{'prediction': 0}
138,{'prediction': 0}
139,{'prediction': 0}
140,{'prediction': 0}
141,{'prediction': 0}
142,{'prediction': 0}
143,{'prediction': 0}
144,{'prediction': 0}
145,{'prediction': 0}
146,{'prediction': 0}
147,{'prediction': 0}
148,{'prediction': 0}
149,{'prediction': 0}
150,{'prediction': 0}
151,{'prediction': 0}
152,{'prediction': 0}
153,{'prediction': 0}
154,{'prediction': 0}
155,{'prediction': 0}
156,{'prediction': 0}
157,{'prediction': 0}
158,{'prediction': 0}
159,{'prediction': 0}
160,{'prediction': 0}
161,{'prediction': 0}
162,{'prediction': 0}
163,{'prediction': 0}
164,{'prediction': 0}
165,{'prediction': 0}
166,{'prediction': 0}
167,{'prediction': 0}
168,{'prediction': 0}
169,{'prediction': 0}
170,{'prediction': 0}
171,{'prediction': 0}
172,{'prediction': 0}
173,{'prediction': 0}
174,{'prediction': 0}
175,{'prediction': 0}
176,{'prediction': 0}
177,{'prediction': 0}
178,{'prediction': 0}
179,{'prediction': 0}
180,{'prediction': 0}
181,{'prediction': 0}
182,{'prediction': 0}
183,{'prediction': 0}
184,{'prediction': 1}
185,{'prediction': 0}
186,{'prediction': 1}
187,{'prediction': 0}
188,{'prediction': 0}
189,{'prediction': 0}
190,{'prediction': 0}
191,{'prediction': 0}
192,{'prediction': 0}
193,{'prediction': 0}
194,{'prediction': 0}
195,{'prediction': 0}
196,{'prediction': 0}
197,{'prediction': 0}
198,{'prediction': 0}
199,{'prediction': 0}
200,{'prediction': 0}
201,{'prediction': 0}
202,{'prediction': 0}
203,{'prediction': 0}
204,{'prediction': 0}
205,{'prediction': 0}
206,{'prediction': 0}
207,{'prediction': 0}
208,{'prediction': 0}
209,{'prediction': 0}
210,{'prediction': 0}
211,{'prediction': 0}
212,{'prediction': 0}
213,{'prediction': 0}
214,{'prediction': 0}
215,{'prediction': 0}
216,{'prediction': 0}
217,{'prediction': 0}
218,{'prediction': 0}
219,{'prediction': 0}
220,{'prediction': 1}
221,{'prediction': 0}
222,{'prediction': 0}
223,{'prediction': 0}
224,{'prediction': 0}
225,{'prediction': 0}
226,{'prediction': 0}
227,{'prediction': 0}
228,{'prediction': 0}
229,{'prediction': 0}
230,{'prediction': 0}
231,{'prediction': 0}
232,{'prediction': 0}
233,{'prediction': 0}
234,{'prediction': 0}
235,{'prediction': 0}
236,{'prediction': 0}
237,{'prediction': 0}
238,{'prediction': 0}
239,{'prediction': 0}
240,{'prediction': 0}
241,{'prediction': 0}
242,{'prediction': 1}
243,{'prediction': 0}
244,{'prediction': 0}
245,{'prediction': 0}
246,{'prediction': 0}
247,{'prediction': 0}
248,{'prediction': 0}
249,{'prediction': 1}
250,{'prediction': 0}
251,{'prediction': 0}
252,{'prediction': 0}
253,{'prediction': 1}
254,{'prediction': 0}
255,{'prediction': 0}
256,{'prediction': 0}
257,{'prediction': 0}
258,{'prediction': 1}
259,{'prediction': 0}
260,{'prediction': 0}
261,{'prediction': 0}
262,{'prediction': 0}
263,{'prediction': 0}
264,{'prediction': 0}
265,{'prediction': 0}
266,{'prediction': 0}
267,{'prediction': 0}
268,{'prediction': 0}
269,{'prediction': 0}
270,{'prediction': 0}
271,{'prediction': 0}
272,{'prediction': 0}
273,{'prediction': 0}
274,{'prediction': 0}
275,{'prediction': 0}
276,{'prediction': 0}
277,{'prediction': 0}
278,{'prediction': 0}
279,{'prediction': 1}
280,{'prediction': 0}
281,{'prediction': 0}
282,{'prediction': 0}
283,{'prediction': 0}
284,{'prediction': 0}
285,{'prediction': 0}
286,{'prediction': 0}
287,{'prediction': 0}
288,{'prediction': 0}
289,{'prediction': 0}
290,{'prediction': 0}
291,{'prediction': 0}
292,{'prediction': 0}
293,{'prediction': 0}
294,{'prediction': 0}
295,{'prediction': 0}
296,{'prediction': 0}
297,{'prediction': 0}
298,{'prediction': 0}
299,{'prediction': 0}
300,{'prediction': 0}
301,{'prediction': 0}
302,{'prediction': 0}
303,{'prediction': 0}
304,{'prediction': 0}
305,{'prediction': 0}
306,{'prediction': 0}
307,{'prediction': 0}
308,{'prediction': 0}
309,{'prediction': 0}
310,{'prediction': 0}
311,{'prediction': 0}
312,{'prediction': 0}
313,{'prediction': 0}
314,{'prediction': 0}
315,{'prediction': 0}
316,{'prediction': 0}
317,{'prediction': 0}
318,{'prediction': 0}
319,{'prediction': 0}
320,{'prediction': 0}
321,{'prediction': 0}
322,{'prediction': 0}
323,{'prediction': 0}
324,{'prediction': 0}
325,{'prediction': 0}
326,{'prediction': 0}
327,{'prediction': 0}
328,{'prediction': 0}
329,{'prediction': 0}
330,{'prediction': 0}
331,{'prediction': 0}
332,{'prediction': 0}
333,{'prediction': 0}
334,{'prediction': 0}
335,{'prediction': 0}
336,{'prediction': 0}
337,{'prediction': 0}
338,{'prediction': 0}
339,{'prediction': 0}
340,{'prediction': 0}
341,{'prediction': 0}
342,{'prediction': 0}
343,{'prediction': 0}
344,{'prediction': 0}
345,{'prediction': 0}
346,{'prediction': 0}
347,{'prediction': 0}
348,{'prediction': 0}
349,{'prediction': 0}
350,{'prediction': 0}
351,{'prediction': 0}
352,{'prediction': 0}
353,{'prediction': 0}
354,{'prediction': 0}
355,{'prediction': 0}
356,{'prediction': 0}
357,{'prediction': 0}
358,{'prediction': 0}
359,{'prediction': 0}
360,{'prediction': 0}
361,{'prediction': 0}
362,{'prediction': 0}
363,{'prediction': 0}
364,{'prediction': 0}
365,{'prediction': 0}
366,{'prediction': 0}
367,{'prediction': 0}
368,{'prediction': 0}
369,{'prediction': 0}
370,{'prediction': 1}
371,{'prediction': 0}
372,{'prediction': 0}
373,{'prediction': 0}
374,{'prediction': 0}
375,{'prediction': 1}
376,{'prediction': 0}
377,{'prediction': 0}
378,{'prediction': 0}
379,{'prediction': 0}
380,{'prediction': 0}
381,{'prediction': 0}
382,{'prediction': 0}
383,{'prediction': 0}
384,{'prediction': 0}
385,{'prediction': 0}
386,{'prediction': 0}
387,{'prediction': 0}
388,{'prediction': 0}
389,{'prediction': 0}
390,{'prediction': 0}
391,{'prediction': 0}
392,{'prediction': 0}
393,{'prediction': 0}
394,{'prediction': 0}
395,{'prediction': 0}
396,{'prediction': 0}
397,{'prediction': 0}
398,{'prediction': 0}
399,{'prediction': 0}
400,{'prediction': 0}
401,{'prediction': 0}
402,{'prediction': 0}
403,{'prediction': 0}
404,{'prediction': 0}
405,{'prediction': 0}
406,{'prediction': 0}
407,{'prediction': 0}
408,{'prediction': 0}
409,{'prediction': 0}
410,{'prediction': 0}
411,{'prediction': 0}
412,{'prediction': 0}
413,{'prediction': 0}
414,{'prediction': 0}
415,{'prediction': 0}
416,{'prediction': 0}
417,{'prediction': 0}
418,{'prediction': 0}
419,{'prediction': 0}
420,{'prediction': 0}
421,{'prediction': 0}
422,{'prediction': 0}
423,{'prediction': 0}
424,{'prediction': 0}
425,{'prediction': 0}
426,{'prediction': 0}
427,{'prediction': 0}
428,{'prediction': 0}
429,{'prediction': 0}
430,{'prediction': 0}
431,{'prediction': 0}
432,{'prediction': 0}
433,{'prediction': 0}
434,{'prediction': 0}
435,{'prediction': 0}
436,{'prediction': 0}
437,{'prediction': 0}
438,{'prediction': 0}
439,{'prediction': 0}
440,{'prediction': 0}
441,{'prediction': 0}
442,{'prediction': 0}
443,{'prediction': 0}
444,{'prediction': 0}
445,{'prediction': 0}
446,{'prediction': 0}
447,{'prediction': 0}
448,{'prediction': 0}
449,{'prediction': 0}
450,{'prediction': 0}
451,{'prediction': 0}
452,{'prediction': 0}
453,{'prediction': 0}
454,{'prediction': 0}
455,{'prediction': 0}
456,{'prediction': 0}
457,{'prediction': 0}
458,{'prediction': 0}
459,{'prediction': 0}
460,{'prediction': 0}
461,{'prediction': 0}
462,{'prediction': 1}
463,{'prediction': 0}
464,{'prediction': 0}
465,{'prediction': 0}
466,{'prediction': 0}
467,{'prediction': 0}
468,{'prediction': 0}
469,{'prediction': 0}
470,{'prediction': 0}
471,{'prediction': 0}
472,{'prediction': 0}
473,{'prediction': 0}
474,{'prediction': 0}
475,{'prediction': 0}
476,{'prediction': 0}
477,{'prediction': 0}
478,{'prediction': 0}
479,{'prediction': 0}
480,{'prediction': 0}
481,{'prediction': 0}
482,{'prediction': 0}
483,{'prediction': 0}
484,{'prediction': 0}
485,{'prediction': 0}
486,{'prediction': 0}
487,{'prediction': 0}
488,{'prediction': 0}
489,{'prediction': 0}
490,{'prediction': 0}
491,{'prediction': 0}
492,{'prediction': 0}
493,{'prediction': 0}
494,{'prediction': 0}
495,{'prediction': 0}
496,{'prediction': 0}
497,{'prediction': 0}
498,{'prediction': 0}
499,{'prediction': 0}
500,{'prediction': 0}
501,{'prediction': 0}
502,{'prediction': 0}
503,{'prediction': 0}
504,{'prediction': 1}
505,{'prediction': 0}
506,{'prediction': 0}
507,{'prediction': 0}
508,{'prediction': 0}
509,{'prediction': 0}
510,{'prediction': 0}
511,{'prediction': 0}
512,{'prediction': 0}
513,{'prediction': 0}
514,{'prediction': 0}
515,{'prediction': 0}
516,{'prediction': 0}
517,{'prediction': 0}
518,{'prediction': 0}
519,{'prediction': 0}
520,{'prediction': 0}
521,{'prediction': 0}
522,{'prediction': 0}
523,{'prediction': 0}
524,{'prediction': 1}
525,{'prediction': 0}
526,{'prediction': 0}
527,{'prediction': 0}
528,{'prediction': 0}
529,{'prediction': 0}
530,{'prediction': 0}
531,{'prediction': 0}
532,{'prediction': 0}
533,{'prediction': 0}
534,{'prediction': 0}
535,{'prediction': 0}
536,{'prediction': 0}
537,{'prediction': 0}
538,{'prediction': 0}
539,{'prediction': 0}
540,{'prediction': 0}
541,{'prediction': 0}
542,{'prediction': 0}
543,{'prediction': 0}
544,{'prediction': 0}
545,{'prediction': 1}
546,{'prediction': 0}
547,{'prediction': 1}
548,{'prediction': 0}
549,{'prediction': 0}
550,{'prediction': 0}
551,{'prediction': 0}
552,{'prediction': 0}
553,{'prediction': 0}
554,{'prediction': 0}
555,{'prediction': 0}
556,{'prediction': 0}
557,{'prediction': 0}
558,{'prediction': 0}
559,{'prediction': 0}
560,{'prediction': 0}
561,{'prediction': 0}
562,{'prediction': 0}
563,{'prediction': 0}
564,{'prediction': 0}
565,{'prediction': 0}
566,{'prediction': 0}
567,{'prediction': 0}
568,{'prediction': 0}
569,{'prediction': 0}
570,{'prediction': 0}
571,{'prediction': 0}
572,{'prediction': 1}
573,{'prediction': 0}
574,{'prediction': 0}
575,{'prediction': 0}
576,{'prediction': 0}
577,{'prediction': 0}
578,{'prediction': 0}
579,{'prediction': 0}
580,{'prediction': 0}
581,{'prediction': 0}
582,{'prediction': 0}
583,{'prediction': 0}
584,{'prediction': 0}
585,{'prediction': 0}
586,{'prediction': 0}
587,{'prediction': 0}
588,{'prediction': 0}
589,{'prediction': 0}
590,{'prediction': 0}
591,{'prediction': 0}
592,{'prediction': 0}
593,{'prediction': 0}
594,{'prediction': 0}
595,{'prediction': 0}
596,{'prediction': 0}
597,{'prediction': 0}
598,{'prediction': 0}
599,{'prediction': 0}
600,{'prediction': 0}
601,{'prediction': 0}
602,{'prediction': 0}
603,{'prediction': 0}
604,{'prediction': 0}
605,{'prediction': 0}
606,{'prediction': 0}
607,{'prediction': 0}
608,{'prediction': 0}
609,{'prediction': 0}
610,{'prediction': 0}
611,{'prediction': 0}
612,{'prediction': 0}
613,{'prediction': 0}
614,{'prediction': 0}
615,{'prediction': 0}
616,{'prediction': 0}
617,{'prediction': 0}
618,{'prediction': 0}
619,{'prediction': 0}
620,{'prediction': 0}
621,{'prediction': 0}
622,{'prediction': 0}
623,{'prediction': 0}
624,{'prediction': 0}
625,{'prediction': 0}
626,{'prediction': 0}
627,{'prediction': 0}
628,{'prediction': 0}
629,{'prediction': 0}
630,{'prediction': 0}
631,{'prediction': 0}
632,{'prediction': 0}
633,{'prediction': 0}
634,{'prediction': 1}
635,{'prediction': 1}
636,{'prediction': 0}
637,{'prediction': 0}
638,{'prediction': 0}
639,{'prediction': 0}
640,{'prediction': 0}
641,{'prediction': 0}
642,{'prediction': 0}
643,{'prediction': 0}
644,{'prediction': 0}
645,{'prediction': 0}
646,{'prediction': 1}
647,{'prediction': 1}
648,{'prediction': 0}
649,{'prediction': 0}
650,{'prediction': 0}
651,{'prediction': 0}
652,{'prediction': 0}
653,{'prediction': 0}
654,{'prediction': 0}
655,{'prediction': 0}
656,{'prediction': 0}
657,{'prediction': 0}
658,{'prediction': 0}
659,{'prediction': 0}
660,{'prediction': 0}
661,{'prediction': 0}
662,{'prediction': 0}
663,{'prediction': 0}
664,{'prediction': 0}
665,{'prediction': 0}
666,{'prediction': 0}
667,{'prediction': 0}
668,{'prediction': 0}
669,{'prediction': 0}
670,{'prediction': 0}
671,{'prediction': 0}
672,{'prediction': 0}
673,{'prediction': 0}
674,{'prediction': 0}
675,{'prediction': 0}
676,{'prediction': 0}
677,{'prediction': 0}
678,{'prediction': 0}
679,{'prediction': 0}
680,{'prediction': 0}
681,{'prediction': 1}
682,{'prediction': 0}
683,{'prediction': 0}
684,{'prediction': 0}
685,{'prediction': 0}
686,{'prediction': 0}
687,{'prediction': 0}
688,{'prediction': 0}
689,{'prediction': 0}
690,{'prediction': 0}
691,{'prediction': 0}
692,{'prediction': 0}
693,{'prediction': 0}
694,{'prediction': 0}
695,{'prediction': 0}
696,{'prediction': 0}
697,{'prediction': 0}
698,{'prediction': 0}
699,{'prediction': 0}
700,{'prediction': 0}
701,{'prediction': 0}
702,{'prediction': 0}
703,{'prediction': 1}
704,{'prediction': 0}
705,{'prediction': 0}
706,{'prediction': 0}
707,{'prediction': 0}
708,{'prediction': 0}
709,{'prediction': 0}
710,{'prediction': 0}
711,{'prediction': 0}
712,{'prediction': 0}
713,{'prediction': 0}
714,{'prediction': 0}
715,{'prediction': 0}
716,{'prediction': 0}
717,{'prediction': 0}
718,{'prediction': 0}
719,{'prediction': 0}
720,{'prediction': 0}
721,{'prediction': 1}
722,{'prediction': 0}
723,{'prediction': 0}
724,{'prediction': 0}
725,{'prediction': 0}
726,{'prediction': 0}
727,{'prediction': 0}
728,{'prediction': 0}
729,{'prediction': 0}
730,{'prediction': 0}
731,{'prediction': 0}
732,{'prediction': 0}
733,{'prediction': 0}
734,{'prediction': 0}
735,{'prediction': 0}
736,{'prediction': 0}
737,{'prediction': 0}
738,{'prediction': 0}
739,{'prediction': 0}
740,{'prediction': 0}
741,{'prediction': 0}
742,{'prediction': 0}
743,{'prediction': 0}
744,{'prediction': 1}
745,{'prediction': 0}
746,{'prediction': 0}
747,{'prediction': 0}
748,{'prediction': 0}
749,{'prediction': 0}
750,{'prediction': 0}
751,{'prediction': 0}
752,{'prediction': 0}
753,{'prediction': 0}
754,{'prediction': 0}
755,{'prediction': 0}
756,{'prediction': 1}
757,{'prediction': 0}
758,{'prediction': 0}
759,{'prediction': 0}
760,{'prediction': 0}
761,{'prediction': 0}
762,{'prediction': 0}
763,{'prediction': 0}
764,{'prediction': 0}
765,{'prediction': 0}
766,{'prediction': 0}
767,{'prediction': 0}
768,{'prediction': 1}
769,{'prediction': 0}
770,{'prediction': 0}
771,{'prediction': 0}
772,{'prediction': 0}
773,{'prediction': 0}
774,{'prediction': 0}
775,{'prediction': 0}
776,{'prediction': 0}
777,{'prediction': 0}
778,{'prediction': 0}
779,{'prediction': 0}
780,{'prediction': 0}
781,{'prediction': 0}
782,{'prediction': 0}
783,{'prediction': 0}
784,{'prediction': 0}
785,{'prediction': 0}
786,{'prediction': 0}
787,{'prediction': 0}
788,{'prediction': 0}
789,{'prediction': 0}
790,{'prediction': 0}
791,{'prediction': 0}
792,{'prediction': 0}
793,{'prediction': 0}
794,{'prediction': 0}
795,{'prediction': 0}
796,{'prediction': 0}
797,{'prediction': 0}
798,{'prediction': 0}
799,{'prediction': 0}
800,{'prediction': 0}
801,{'prediction': 0}
802,{'prediction': 0}
803,{'prediction': 0}
804,{'prediction': 0}
805,{'prediction': 0}
806,{'prediction': 0}
807,{'prediction': 0}
808,{'prediction': 0}
809,{'prediction': 0}
810,{'prediction': 0}
811,{'prediction': 0}
812,{'prediction': 0}
813,{'prediction': 0}
814,{'prediction': 0}
815,{'prediction': 1}
816,{'prediction': 0}
817,{'prediction': 0}
818,{'prediction': 0}
819,{'prediction': 0}
820,{'prediction': 0}
821,{'prediction': 0}
822,{'prediction': 0}
823,{'prediction': 0}
824,{'prediction': 0}
825,{'prediction': 0}
826,{'prediction': 0}
827,{'prediction': 0}
828,{'prediction': 0}
829,{'prediction': 0}
830,{'prediction': 0}
831,{'prediction': 0}
832,{'prediction': 0}
833,{'prediction': 0}
834,{'prediction': 0}
835,{'prediction': 0}
836,{'prediction': 0}
837,{'prediction': 0}
838,{'prediction': 0}
839,{'prediction': 1}
840,{'prediction': 0}
841,{'prediction': 0}
842,{'prediction': 0}
843,{'prediction': 0}
844,{'prediction': 0}
845,{'prediction': 0}
846,{'prediction': 0}
847,{'prediction': 0}
848,{'prediction': 0}
849,{'prediction': 0}
850,{'prediction': 0}
851,{'prediction': 0}
852,{'prediction': 0}
853,{'prediction': 0}
854,{'prediction': 0}
855,{'prediction': 0}
856,{'prediction': 1}
857,{'prediction': 0}
858,{'prediction': 0}
859,{'prediction': 0}
860,{'prediction': 0}
861,{'prediction': 0}
862,{'prediction': 0}
863,{'prediction': 0}
864,{'prediction': 1}
865,{'prediction': 0}
866,{'prediction': 0}
867,{'prediction': 0}
868,{'prediction': 0}
869,{'prediction': 0}
870,{'prediction': 0}
871,{'prediction': 0}
872,{'prediction': 0}
873,{'prediction': 0}
874,{'prediction': 1}
875,{'prediction': 0}
876,{'prediction': 0}
877,{'prediction': 0}
878,{'prediction': 0}
879,{'prediction': 0}
880,{'prediction': 0}
881,{'prediction': 1}
882,{'prediction': 0}
883,{'prediction': 0}
884,{'prediction': 0}
885,{'prediction': 0}
886,{'prediction': 0}
887,{'prediction': 0}
888,{'prediction': 0}
889,{'prediction': 1}
890,{'prediction': 0}
891,{'prediction': 0}
892,{'prediction': 0}
893,{'prediction': 0}
894,{'prediction': 0}
895,{'prediction': 0}
896,{'prediction': 0}
897,{'prediction': 0}
898,{'prediction': 0}
899,{'prediction': 0}
900,{'prediction': 0}
901,{'prediction': 0}
902,{'prediction': 0}
903,{'prediction': 0}
904,{'prediction': 0}
905,{'prediction': 0}
906,{'prediction': 0}
907,{'prediction': 0}
908,{'prediction': 0}
909,{'prediction': 0}
910,{'prediction': 0}
911,{'prediction': 0}
912,{'prediction': 1}
913,{'prediction': 0}
914,{'prediction': 0}
915,{'prediction': 0}
916,{'prediction': 0}
917,{'prediction': 0}
918,{'prediction': 0}
919,{'prediction': 0}
920,{'prediction': 1}
921,{'prediction': 0}
922,{'prediction': 0}
923,{'prediction': 0}
924,{'prediction': 0}
925,{'prediction': 0}
926,{'prediction': 0}
927,{'prediction': 0}
928,{'prediction': 0}
929,{'prediction': 0}
930,{'prediction': 0}
931,{'prediction': 0}
932,{'prediction': 0}
933,{'prediction': 0}
934,{'prediction': 0}
935,{'prediction': 0}
936,{'prediction': 0}
937,{'prediction': 0}
938,{'prediction': 0}
939,{'prediction': 0}
940,{'prediction': 0}
941,{'prediction': 0}
942,{'prediction': 0}
943,{'prediction': 0}
944,{'prediction': 0}
945,{'prediction': 0}
946,{'prediction': 0}
947,{'prediction': 0}
948,{'prediction': 0}
949,{'prediction': 0}
950,{'prediction': 0}
951,{'prediction': 0}
952,{'prediction': 0}
953,{'prediction': 0}
954,{'prediction': 0}
955,{'prediction': 0}
956,{'prediction': 0}
957,{'prediction': 0}
958,{'prediction': 0}
959,{'prediction': 0}
960,{'prediction': 0}
961,{'prediction': 0}
962,{'prediction': 0}
963,{'prediction': 0}
964,{'prediction': 0}
965,{'prediction': 0}
966,{'prediction': 0}
967,{'prediction': 0}
968,{'prediction': 0}
969,{'prediction': 0}
970,{'prediction': 0}
971,{'prediction': 0}
972,{'prediction': 0}
973,{'prediction': 0}
974,{'prediction': 0}
975,{'prediction': 0}
976,{'prediction': 0}
977,{'prediction': 0}
978,{'prediction': 0}
979,{'prediction': 0}
980,{'prediction': 0}
981,{'prediction': 0}
982,{'prediction': 0}
983,{'prediction': 0}
984,{'prediction': 0}
985,{'prediction': 0}
986,{'prediction': 0}
987,{'prediction': 0}
988,{'prediction': 0}
989,{'prediction': 0}
990,{'prediction': 0}
991,{'prediction': 0}
992,{'prediction': 0}
993,{'prediction': 1}
994,{'prediction': 0}
995,{'prediction': 0}
996,{'prediction': 0}
997,{'prediction': 0}
998,{'prediction': 0}
999,{'prediction': 0}
1000,{'prediction': 0}
1001,{'prediction': 0}
1002,{'prediction': 0}
1003,{'prediction': 0}
1004,{'prediction': 0}
1005,{'prediction': 0}
1006,{'prediction': 0}
1007,{'prediction': 0}
1008,{'prediction': 0}
1009,{'prediction': 0}
1010,{'prediction': 0}
1011,{'prediction': 0}
1012,{'prediction': 0}
1013,{'prediction': 0}
1014,{'prediction': 0}
1015,{'prediction': 0}
1016,{'prediction': 0}
1017,{'prediction': 0}
1018,{'prediction': 0}
1019,{'prediction': 0}
1020,{'prediction': 0}
1021,{'prediction': 0}
1022,{'prediction': 0}
1023,{'prediction': 0}
1024,{'prediction': 0}
1025,{'prediction': 0}
1026,{'prediction': 0}
1027,{'prediction': 0}
1028,{'prediction': 0}
1029,{'prediction': 0}
1030,{'prediction': 1}
1031,{'prediction': 0}
1032,{'prediction': 0}
1033,{'prediction': 0}
1034,{'prediction': 1}
1035,{'prediction': 0}
1036,{'prediction': 0}
1037,{'prediction': 0}
1038,{'prediction': 0}
1039,{'prediction': 0}
1040,{'prediction': 0}
1041,{'prediction': 0}
1042,{'prediction': 0}
1043,{'prediction': 0}
1044,{'prediction': 0}
1045,{'prediction': 0}
1046,{'prediction': 1}
1047,{'prediction': 0}
1048,{'prediction': 0}
1049,{'prediction': 1}
1050,{'prediction': 0}
1051,{'prediction': 0}
1052,{'prediction': 0}
1053,{'prediction': 0}
1054,{'prediction': 0}
1055,{'prediction': 0}
1056,{'prediction': 0}
1057,{'prediction': 0}
1058,{'prediction': 0}
1059,{'prediction': 0}
1060,{'prediction': 0}
1061,{'prediction': 0}
1062,{'prediction': 0}
1063,{'prediction': 0}
1064,{'prediction': 0}
1065,{'prediction': 0}
1066,{'prediction': 0}
1067,{'prediction': 0}
1068,{'prediction': 0}
1069,{'prediction': 0}
1070,{'prediction': 0}
1071,{'prediction': 0}
1072,{'prediction': 0}
1073,{'prediction': 0}
1074,{'prediction': 0}
1075,{'prediction': 0}
1076,{'prediction': 0}
1077,{'prediction': 0}
1078,{'prediction': 0}
1079,{'prediction': 0}
1080,{'prediction': 0}
1081,{'prediction': 0}
1082,{'prediction': 0}
1083,{'prediction': 0}
1084,{'prediction': 0}
1085,{'prediction': 0}
1086,{'prediction': 0}
1087,{'prediction': 0}
1088,{'prediction': 0}
1089,{'prediction': 0}
1090,{'prediction': 0}
1091,{'prediction': 0}
1092,{'prediction': 0}
1093,{'prediction': 0}
1094,{'prediction': 0}
1095,{'prediction': 0}
1096,{'prediction': 0}
1097,{'prediction': 0}
1098,{'prediction': 0}
1099,{'prediction': 0}
1100,{'prediction': 0}
1101,{'prediction': 0}
1102,{'prediction': 1}
1103,{'prediction': 0}
1104,{'prediction': 0}
1105,{'prediction': 0}
1106,{'prediction': 0}
1107,{'prediction': 0}
1108,{'prediction': 0}
1109,{'prediction': 0}
1110,{'prediction': 0}
1111,{'prediction': 0}
1112,{'prediction': 0}
1113,{'prediction': 0}
1114,{'prediction': 0}
1115,{'prediction': 0}
1116,{'prediction': 0}
1117,{'prediction': 0}
1118,{'prediction': 0}
1119,{'prediction': 0}
1120,{'prediction': 0}
1121,{'prediction': 0}
1122,{'prediction': 0}
1123,{'prediction': 0}
1124,{'prediction': 0}
1125,{'prediction': 0}
1126,{'prediction': 0}
1127,{'prediction': 0}
1128,{'prediction': 0}
1129,{'prediction': 0}
1130,{'prediction': 0}
1131,{'prediction': 0}
1132,{'prediction': 0}
1133,{'prediction': 0}
1134,{'prediction': 0}
1135,{'prediction': 0}
1136,{'prediction': 0}
1137,{'prediction': 0}
1138,{'prediction': 0}
1139,{'prediction': 0}
1140,{'prediction': 0}
1141,{'prediction': 0}
1142,{'prediction': 0}
1143,{'prediction': 0}
1144,{'prediction': 1}
1145,{'prediction': 0}
1146,{'prediction': 0}
1147,{'prediction': 0}
1148,{'prediction': 0}
1149,{'prediction': 0}
1150,{'prediction': 0}
1151,{'prediction': 0}
1152,{'prediction': 0}
1153,{'prediction': 0}
1154,{'prediction': 0}
1155,{'prediction': 0}
1156,{'prediction': 0}
1157,{'prediction': 0}
1158,{'prediction': 0}
1159,{'prediction': 0}
1160,{'prediction': 0}
1161,{'prediction': 0}
1162,{'prediction': 0}
1163,{'prediction': 0}
1164,{'prediction': 0}
1165,{'prediction': 0}
1166,{'prediction': 0}
1167,{'prediction': 0}
1168,{'prediction': 0}
1169,{'prediction': 0}
1170,{'prediction': 0}
1171,{'prediction': 0}
1172,{'prediction': 0}
1173,{'prediction': 0}
1174,{'prediction': 0}
1175,{'prediction': 0}
1176,{'prediction': 0}
1177,{'prediction': 0}
1178,{'prediction': 0}
1179,{'prediction': 0}
1180,{'prediction': 0}
1181,{'prediction': 0}
1182,{'prediction': 0}
1183,{'prediction': 0}
1184,{'prediction': 0}
1185,{'prediction': 0}
1186,{'prediction': 0}
1187,{'prediction': 1}
1188,{'prediction': 0}
1189,{'prediction': 0}
1190,{'prediction': 0}
1191,{'prediction': 1}
1192,{'prediction': 0}
1193,{'prediction': 0}
1194,{'prediction': 0}
1195,{'prediction': 0}
1196,{'prediction': 0}
1197,{'prediction': 0}
1198,{'prediction': 0}
1199,{'prediction': 0}
1200,{'prediction': 0}
1201,{'prediction': 0}
1202,{'prediction': 0}
1203,{'prediction': 0}
1204,{'prediction': 0}
1205,{'prediction': 0}
1206,{'prediction': 0}
1207,{'prediction': 0}
1208,{'prediction': 0}
1209,{'prediction': 0}
1210,{'prediction': 0}
1211,{'prediction': 0}
1212,{'prediction': 0}
1213,{'prediction': 0}
1214,{'prediction': 1}
1215,{'prediction': 0}
1216,{'prediction': 0}
1217,{'prediction': 0}
1218,{'prediction': 0}
1219,{'prediction': 0}
1220,{'prediction': 0}
1221,{'prediction': 0}
1222,{'prediction': 0}
1223,{'prediction': 0}
1224,{'prediction': 0}
1225,{'prediction': 0}
1226,{'prediction': 0}
1227,{'prediction': 0}
1228,{'prediction': 0}
1229,{'prediction': 0}
1230,{'prediction': 0}
1231,{'prediction': 0}
1232,{'prediction': 0}
1233,{'prediction': 0}
1234,{'prediction': 0}
1235,{'prediction': 0}
1236,{'prediction': 0}
1237,{'prediction': 0}
1238,{'prediction': 0}
1239,{'prediction': 0}
1240,{'prediction': 0}
1241,{'prediction': 0}
1242,{'prediction': 0}
1243,{'prediction': 0}
1244,{'prediction': 0}
1245,{'prediction': 1}
1246,{'prediction': 0}
1247,{'prediction': 0}
1248,{'prediction': 0}
1249,{'prediction': 0}
1250,{'prediction': 0}
1251,{'prediction': 0}
1252,{'prediction': 0}
1253,{'prediction': 0}
1254,{'prediction': 0}
1255,{'prediction': 0}
1256,{'prediction': 0}
1257,{'prediction': 0}
1258,{'prediction': 0}
1259,{'prediction': 0}
1260,{'prediction': 0}
1261,{'prediction': 0}
1262,{'prediction': 0}
1263,{'prediction': 0}
1264,{'prediction': 0}
1265,{'prediction': 0}
1266,{'prediction': 0}
1267,{'prediction': 0}
1268,{'prediction': 0}
1269,{'prediction': 0}
1270,{'prediction': 0}
1271,{'prediction': 0}
1272,{'prediction': 0}
1273,{'prediction': 0}
1274,{'prediction': 0}
1275,{'prediction': 0}
1276,{'prediction': 0}
1277,{'prediction': 0}
1278,{'prediction': 0}
1279,{'prediction': 0}
1280,{'prediction': 0}
1281,{'prediction': 0}
1282,{'prediction': 0}
1283,{'prediction': 0}
1284,{'prediction': 0}
1285,{'prediction': 0}
1286,{'prediction': 0}
1287,{'prediction': 0}
1288,{'prediction': 0}
1289,{'prediction': 0}
1290,{'prediction': 0}
1291,{'prediction': 0}
1292,{'prediction': 0}
1293,{'prediction': 0}
1294,{'prediction': 0}
1295,{'prediction': 0}
1296,{'prediction': 0}
1297,{'prediction': 0}
1298,{'prediction': 0}
1299,{'prediction': 0}
1300,{'prediction': 0}
1301,{'prediction': 0}
1302,{'prediction': 0}
1303,{'prediction': 0}
1304,{'prediction': 0}
1305,{'prediction': 0}
1306,{'prediction': 1}
1307,{'prediction': 0}
1308,{'prediction': 0}
1309,{'prediction': 0}
1310,{'prediction': 0}
1311,{'prediction': 0}
1312,{'prediction': 0}
1313,{'prediction': 1}
1314,{'prediction': 0}
1315,{'prediction': 0}
1316,{'prediction': 0}
1317,{'prediction': 0}
1318,{'prediction': 0}
1319,{'prediction': 0}
1320,{'prediction': 0}
1321,{'prediction': 0}
1322,{'prediction': 0}
1323,{'prediction': 0}
1324,{'prediction': 0}
1325,{'prediction': 0}
1326,{'prediction': 0}
1327,{'prediction': 0}
1328,{'prediction': 0}
1329,{'prediction': 0}
1330,{'prediction': 0}
1331,{'prediction': 0}
1332,{'prediction': 0}
1333,{'prediction': 0}
1334,{'prediction': 0}
1335,{'prediction': 0}
1336,{'prediction': 0}
1337,{'prediction': 0}
1338,{'prediction': 0}
1339,{'prediction': 0}
1340,{'prediction': 0}
1341,{'prediction': 0}
1342,{'prediction': 0}
1343,{'prediction': 0}
1344,{'prediction': 1}
1345,{'prediction': 0}
1346,{'prediction': 0}
1347,{'prediction': 0}
1348,{'prediction': 0}
1349,{'prediction': 0}
1350,{'prediction': 0}
1351,{'prediction': 0}
1352,{'prediction': 0}
1353,{'prediction': 0}
1354,{'prediction': 0}
1355,{'prediction': 0}
1356,{'prediction': 0}
1357,{'prediction': 0}
1358,{'prediction': 0}
